{"cameraMode":{"drawMode":0,"name":"Shaded","section":"Shading Mode"},"sceneLighting":false,"audioPlay":false,"sceneViewState":{"m_AlwaysRefresh":false,"showFog":false,"showSkybox":false,"showFlares":false,"showImageEffects":false,"showParticleSystems":false,"showVisualEffectGraphs":true,"m_FxEnabled":true},"in2DMode":false,"pivot":{"x":-0.0007849931716918945,"y":1.183728575706482,"z":-0.13500642776489259},"rotation":{"x":0.046128325164318088,"y":-0.04998518526554108,"z":-0.002284328918904066,"w":-0.9980044960975647},"size":2.148944139480591,"orthographic":false}